{
  "IcoMoonType": "selection",
  "icons": [
    {
      "icon": {
        "paths": [
          "M716.8 102.4v870.4l-204.8-204.8-204.8 204.8v-870.4c0-28.314 29.952-52.224 51.2-51.2h307.2c35.277-1.024 51.2 22.886 51.2 51.2z"
        ],
        "attrs": [],
        "isMulticolor": false,
        "isMulticolor2": false,
        "tags": [
          "bookmark"
        ],
        "grid": 20
      },
      "attrs": [],
      "properties": {
        "id": 32,
        "order": 3,
        "prevSize": 20,
        "name": "bookmark"
      },
      "setIdx": 0,
      "setId": 3,
      "iconIdx": 31
    },
    {
      "icon": {
        "paths": [
          "M469.146 231.219c21.402 20.89 230.502 240.384 230.502 240.384 11.418 11.213 17.152 25.805 17.152 40.397s-5.734 29.184-17.152 40.294c0 0-209.101 219.597-230.502 240.384-21.402 20.89-59.904 22.323-82.688 0-22.835-22.221-24.627-53.299 0-80.589l191.846-200.090-191.846-200.090c-24.627-27.29-22.835-58.419 0-80.691 22.784-22.323 61.286-20.941 82.688 0z"
        ],
        "attrs": [],
        "isMulticolor": false,
        "isMulticolor2": false,
        "tags": [
          "chevron-right"
        ],
        "grid": 20
      },
      "attrs": [],
      "properties": {
        "id": 36,
        "order": 4,
        "prevSize": 20,
        "name": "chevron-right"
      },
      "setIdx": 0,
      "setId": 3,
      "iconIdx": 35
    },
    {
      "icon": {
        "paths": [
          "M1017.344 330.394c6.093 13.158 6.502 66.048-250.061 186.47l-251.546 118.067c-87.552 41.114-214.579 95.181-270.592 110.131-39.219 10.445-76.646-16.179-76.646-16.179s-112.947-101.12-142.95-123.853c-29.952-22.733-27.392-34.304 11.008-46.592 23.91-7.629 160.256 25.242 218.368 39.936 68.557-40.96 131.174-76.083 160.819-92.058-71.475-52.89-205.21-151.654-247.859-181.76-40.909-28.928 0.512-39.322 0.512-39.322 18.842-5.069 59.494-11.674 79.974-7.373 139.315 29.133 371.866 106.035 389.683 111.923 42.598-22.323 108.954-55.91 149.606-75.008 106.24-49.869 221.542-1.894 229.683 15.616z"
        ],
        "attrs": [],
        "isMulticolor": false,
        "isMulticolor2": false,
        "tags": [
          "aircraft-take-off"
        ],
        "grid": 20
      },
      "attrs": [],
      "properties": {
        "id": 93,
        "order": 5,
        "prevSize": 20,
        "name": "aircraft-take-off"
      },
      "setIdx": 0,
      "setId": 3,
      "iconIdx": 92
    },
    {
      "icon": {
        "paths": [
          "M296.96 624.64v-317.44h-194.56c-56.32 0-102.4 46.080-102.4 102.4v307.2c0 56.32 46.080 102.4 102.4 102.4h51.2v153.6l153.6-153.6h256c56.32 0 102.4-46.080 102.4-102.4v-93.184c-3.277 0.717-6.758 1.075-10.24 1.075l-358.4-0.051zM921.6 51.2h-460.8c-56.32 0-102.4 46.080-102.4 102.4v409.6h358.4l153.6 153.6v-153.6h51.2c56.32 0 102.4-46.029 102.4-102.4v-307.2c0-56.32-46.080-102.4-102.4-102.4z"
        ],
        "attrs": [],
        "isMulticolor": false,
        "isMulticolor2": false,
        "tags": [
          "chat"
        ],
        "grid": 20
      },
      "attrs": [],
      "properties": {
        "id": 125,
        "order": 6,
        "prevSize": 20,
        "name": "chat"
      },
      "setIdx": 0,
      "setId": 3,
      "iconIdx": 124
    },
    {
      "icon": {
        "paths": [
          "M956.006 563.2h-85.606v307.2c0 22.784-9.933 51.2-51.2 51.2h-204.8v-307.2h-204.8v307.2h-204.8c-41.267 0-51.2-28.416-51.2-51.2v-307.2h-85.606c-30.618 0-24.064-16.589-3.072-38.298l410.829-411.238c9.984-10.342 23.091-15.462 36.25-15.974 13.158 0.512 26.266 5.581 36.25 15.974l410.778 411.187c21.043 21.76 27.597 38.349-3.021 38.349z"
        ],
        "attrs": [],
        "isMulticolor": false,
        "isMulticolor2": false,
        "tags": [
          "home"
        ],
        "grid": 20
      },
      "attrs": [],
      "properties": {
        "id": 185,
        "order": 7,
        "prevSize": 20,
        "name": "home"
      },
      "setIdx": 0,
      "setId": 3,
      "iconIdx": 184
    },
    {
      "icon": {
        "paths": [
          "M905.779 241.92c-25.754-152.422-164.864-254.31-310.733-227.379-145.92 26.88-269.107 144.179-243.354 296.704 5.478 32.819 20.89 84.173 39.066 121.088l-264.96 395.418c-9.779 14.592-15.309 40.909-12.39 58.419l17.050 100.915c2.97 17.51 19.046 29.286 35.84 26.317l77.619-14.387c16.794-3.021 38.093-17.818 47.309-32.717l104.806-169.523 0.922-1.126 70.963-13.107 122.368-198.605c40.192 7.117 97.894 4.71 131.994-1.587 145.818-26.931 209.254-187.904 183.501-340.429zM776.499 320.102c-40.141 59.904-81.101 17.715-138.394-24.32-57.293-41.882-109.312-67.686-69.222-127.59 40.141-59.904 119.091-74.496 176.486-32.512 57.344 41.933 71.219 124.518 31.13 184.422z"
        ],
        "attrs": [],
        "isMulticolor": false,
        "isMulticolor2": false,
        "tags": [
          "key"
        ],
        "grid": 20
      },
      "attrs": [],
      "properties": {
        "id": 194,
        "order": 8,
        "prevSize": 20,
        "name": "key"
      },
      "setIdx": 0,
      "setId": 3,
      "iconIdx": 193
    },
    {
      "icon": {
        "paths": [
          "M512 102.861c-141.414 0-256 114.125-256 255.488 0 244.429 256 563.2 256 563.2s256-318.822 256-563.2c0-141.312-114.586-255.488-256-255.488zM512 499.712c-76.39 0-138.24-61.901-138.24-138.24s61.85-138.24 138.24-138.24c76.288 0 138.189 61.901 138.189 138.24s-61.901 138.24-138.189 138.24z"
        ],
        "attrs": [],
        "isMulticolor": false,
        "isMulticolor2": false,
        "tags": [
          "location-pin"
        ],
        "grid": 20
      },
      "attrs": [],
      "properties": {
        "id": 210,
        "order": 9,
        "prevSize": 20,
        "name": "location-pin"
      },
      "setIdx": 0,
      "setId": 3,
      "iconIdx": 209
    },
    {
      "icon": {
        "paths": [
          "M898.304 791.91l-193.485-193.485c29.184-47.872 45.978-104.192 45.978-164.352 0-174.95-151.603-326.502-326.554-326.502-174.95-0.051-316.723 141.773-316.723 316.723 0 174.899 151.603 326.502 326.502 326.502 58.214 0 112.64-15.821 159.488-43.213l194.509 194.611c19.046 18.995 49.92 18.995 68.915 0l48.282-48.282c18.995-18.995 12.083-43.008-6.912-62.003zM205.005 424.294c0-121.139 98.15-219.29 219.238-219.29 121.139 0 229.069 107.878 229.069 229.069 0 121.088-98.202 219.29-219.29 219.29-121.139-0.051-229.018-107.981-229.018-229.069z"
        ],
        "attrs": [],
        "isMulticolor": false,
        "isMulticolor2": false,
        "tags": [
          "magnifying-glass"
        ],
        "grid": 20
      },
      "attrs": [],
      "properties": {
        "id": 218,
        "order": 10,
        "prevSize": 20,
        "name": "magnifying-glass"
      },
      "setIdx": 0,
      "setId": 3,
      "iconIdx": 217
    },
    {
      "icon": {
        "paths": [
          "M995.686 190.362l-307.2-153.6c-14.387-7.219-31.386-7.219-45.824 0l-288.256 144.128-287.027-95.693c-15.667-5.222-32.768-2.611-46.131 7.066-13.363 9.626-21.248 25.088-21.248 41.523v665.651c0 19.405 10.957 37.12 28.314 45.773l307.2 153.6c7.219 3.584 15.053 5.427 22.886 5.427s15.718-1.792 22.886-5.427l288.256-144.077 287.027 95.693c15.616 5.12 32.768 2.509 46.131-7.117s21.248-25.088 21.248-41.472v-665.702c0.051-19.405-10.906-37.12-28.262-45.773zM409.6 267.827l204.8-102.4v602.266l-204.8 102.4v-602.266zM102.4 204.8l204.8 68.25v597.043l-204.8-102.4v-562.893zM921.6 830.822l-204.8-68.301v-597.094l204.8 102.4v562.995z"
        ],
        "attrs": [],
        "isMulticolor": false,
        "isMulticolor2": false,
        "tags": [
          "map"
        ],
        "grid": 20
      },
      "attrs": [],
      "properties": {
        "id": 221,
        "order": 12,
        "prevSize": 20,
        "name": "map"
      },
      "setIdx": 0,
      "setId": 3,
      "iconIdx": 220
    },
    {
      "icon": {
        "paths": [
          "M512 66.56l122.266 344.166h328.294l-267.878 202.138 95.795 354.714-278.477-212.685-278.426 212.685 95.744-354.714-267.93-202.138h328.294l122.317-344.166z"
        ],
        "attrs": [],
        "isMulticolor": false,
        "isMulticolor2": false,
        "tags": [
          "star"
        ],
        "grid": 20
      },
      "attrs": [],
      "properties": {
        "id": 286,
        "order": 11,
        "prevSize": 20,
        "name": "star"
      },
      "setIdx": 0,
      "setId": 3,
      "iconIdx": 285
    },
    {
      "icon": {
        "paths": [
          "M610.56 7.68l38.4 8.533 31.147 11.093 25.173 12.8 19.2 13.653 14.507 14.507 10.667 14.507 6.827 14.080 4.267 12.8 1.707 11.093 0.853 8.533-0.427 5.547v227.84l-2.133 26.88-5.547 23.467-8.96 19.627-11.093 16.213-12.8 13.227-14.080 10.667-14.933 8.107-14.933 5.973-14.080 4.267-12.8 2.987-11.093 1.707-8.96 0.853h-254.72l-29.44 2.133-25.173 5.973-21.333 9.387-17.493 11.52-14.080 13.653-11.52 14.933-8.533 15.36-6.4 15.787-4.267 14.933-2.987 13.653-1.707 11.52-0.853 8.96v130.56h-95.147l-8.96-1.28-11.947-2.987-13.653-5.12-14.933-7.68-15.36-11.093-15.36-15.36-14.933-19.627-13.653-25.173-11.947-31.147-8.96-37.547-5.973-44.8-2.133-52.48 2.56-52.053 6.827-44.373 10.24-37.12 13.653-30.293 15.36-24.32 17.067-18.773 17.92-14.080 17.92-10.24 17.067-6.827 15.36-4.267 13.653-2.133 10.24-0.427h6.827l2.56 0.427h348.16v-35.413h-249.173l-0.427-117.333-0.853-15.787 2.133-14.507 4.693-13.227 7.253-11.947 10.667-11.093 13.227-9.813 16.213-8.533 18.773-7.68 21.76-6.4 24.747-5.12 27.307-4.267 30.293-2.56 32.853-1.707 35.84-0.853 54.187 2.133zM341.76 92.16l-9.813 14.080-3.413 17.493 3.413 17.493 9.813 14.507 14.080 9.387 17.493 3.84 17.493-3.84 14.080-9.387 9.813-14.507 3.413-17.493-3.413-17.493-9.813-14.080-14.080-9.387-17.493-3.84-17.493 3.84zM900.267 260.693l11.947 2.56 13.653 5.12 14.933 7.68 15.36 11.52 15.36 14.933 14.933 20.053 13.653 25.173 11.947 31.147 8.96 37.547 5.973 44.373 2.133 52.48-2.56 52.48-6.827 44.373-10.24 36.693-13.653 30.293-15.36 24.32-17.067 19.2-17.92 14.080-17.92 10.24-17.067 6.827-15.36 3.84-13.653 2.133-10.24 0.853-6.827-0.427h-350.72v34.987h249.173l0.427 117.76 0.853 15.36-2.133 14.507-4.693 13.227-7.253 12.373-10.667 10.667-13.227 10.24-16.213 8.533-18.773 7.253-21.76 6.4-24.747 5.547-27.307 3.84-30.293 2.987-32.853 1.707-35.84 0.427-54.187-1.707-45.653-5.973-38.4-8.533-31.147-10.667-25.173-12.8-19.2-14.080-14.507-14.507-10.667-14.507-6.827-14.080-4.267-12.8-1.707-10.667-0.853-8.533 0.427-5.547v-227.84l2.133-27.307 5.547-23.040 8.96-19.627 11.093-16.213 12.8-13.653 14.080-10.24 14.933-8.533 14.933-5.973 14.080-4.267 12.8-2.56 11.093-1.707 8.96-0.853 5.547-0.427h249.173l29.44-2.133 25.173-5.973 21.333-8.96 17.493-11.947 14.080-13.653 11.52-14.933 8.533-15.36 6.4-15.36 4.267-14.933 2.987-13.653 1.707-11.947 0.853-8.96v-130.56h89.173l5.973 0.427zM624.213 868.693l-9.813 14.080-3.413 17.493 3.413 17.493 9.813 14.080 14.080 9.813 17.493 3.413 17.493-3.413 14.080-9.813 9.813-14.080 3.413-17.493-3.413-17.493-9.813-14.080-14.080-9.813-17.493-3.413-17.493 3.413z"
        ],
        "attrs": [
          {
            "fill": "rgb(55, 118, 171)"
          }
        ],
        "isMulticolor": false,
        "isMulticolor2": false,
        "tags": [
          "python"
        ],
        "grid": 0
      },
      "attrs": [
        {
          "fill": "rgb(55, 118, 171)"
        }
      ],
      "properties": {
        "order": 1,
        "id": 0,
        "name": "python",
        "prevSize": 32
      },
      "setIdx": 1,
      "setId": 2,
      "iconIdx": 0
    }
  ],
  "height": 1024,
  "preferences": {
    "showGlyphs": true,
    "showQuickUse": true,
    "showQuickUse2": true,
    "showSVGs": true,
    "fontPref": {
      "prefix": "icon-",
      "metadata": {
        "fontFamily": "icomoon"
      },
      "metrics": {
        "emSize": 1024,
        "baseline": 6.25,
        "whitespace": 50
      },
      "embed": false
    },
    "imagePref": {
      "prefix": "icon-",
      "png": false,
      "useClassSelector": true,
      "color": 0,
      "bgColor": 16777215,
      "classSelector": ".icon",
      "name": "icomoon",
      "height": 32,
      "columns": 16,
      "margin": 16
    },
    "historySize": 50,
    "showCodes": true,
    "gridSize": 16
  }
}